name,size,rank,classification
domaen,8,0.9882650376400555,good
dxfpso,1,0.03957634105399965,good
zprjya,5,0.3722625663574589,good
bakcsf,6,0.17563983700821972,good
dfzwvr,8,0.14987583727694032,good
aorhki,6,0.5702780157308606,good
bxhngc,5,0.8961406383503536,good
foqlnv,2,0.10100988529961052,good
ybhgvu,0,0.03747961519528076,good
pnxwvs,7,0.3723069554904219,good
nlmpte,4,0.25403075842196954,good
ivgbdj,9,0.008439759784725331,good
binxyj,2,0.21719978283386787,good
qwgsyn,7,0.5110883696995149,good
lpykvg,7,0.018700131933503394,good
hjnvoi,3,0.45267350991325483,good
caoeuy,9,0.42240264167072117,good
duahmz,6,0.1683229669369144,good
wjvbhs,3,0.9910650503833729,good
tckpnr,3,0.16502527023880575,good
lhopyu,1,0.28805182395419826,good
znvegx,10,0.5113282066781526,good
pvcqom,3,0.29742025976303277,good
frqysn,2,0.8913923088152741,good
ghlmor,8,0.10335167330205108,good
jitnrm,5,0.9309224899042332,good
kjmglx,6,0.5480194561531391,good
ougwbs,7,0.7973249109634071,good
chwyou,0,0.37054862778682807,good
aqkfjx,9,0.49143304739030835,good
khyznx,7,0.9369346796573144,good
nycvhi,10,0.9292525640266381,good
pxlskc,7,0.9020232323350627,good
wiyxbz,2,0.04827099621680542,good
ckltaf,7,0.13546931376096094,good
kewbnv,8,0.6079902823804998,good
pmbosc,10,0.31910579578287834,good
iqctve,8,0.9733619604586753,good
svhjpk,8,0.6720933620278988,good
bawlpz,10,0.7695056789925583,good
hyfoma,8,0.36087883706213797,good
nfiygp,5,0.10190131943125957,good
qpirxh,2,0.6244448336100219,good
bkliaq,9,0.7434850189171096,good
jprgyi,3,0.8524881035443308,good
lrwust,9,0.9362886633872882,good
lsimgh,10,0.10986462216136528,good
zstgpr,4,0.7325700716680292,good
xzndjt,0,0.2957558042879438,good
tyxhir,3,0.1549288045527436,good
ujexro,8,0.9371002305997959,good
djaxui,2,0.9604891905635964,good
iqzpky,6,0.3009309659372811,good
nzyepg,0,0.10525823768731368,good
zxyfiv,9,0.9215945468271108,good
ilsafx,8,0.7797413554950796,good
chgabu,9,0.9200729307847182,good
hjyltq,2,0.881028337336568,good
hkvqcw,7,0.19943072116635896,good
tibwhu,0,0.9382537292850697,good
wbxjqc,4,0.24839365654072432,good
edzurf,8,0.2045426311535622,good
qvsyak,9,0.8780139064105819,good
gksfml,5,0.2536200585456857,good
pbnxdf,9,0.4402205883139514,good
chgxna,0,0.5989595604421494,good
sxvaci,10,0.6996403096806014,good
qpucsg,3,0.7248407743878548,good
qhzsdt,9,0.9426416128940538,good
tbqexo,3,0.8819791245989069,good
zcnarw,5,0.6090711445930737,good
xwlmsf,10,0.5423241340420347,good
hoqcxw,1,0.4693356279430758,good
tyfvdb,4,0.9574007446656904,good
comlht,6,0.009471091520398045,good
pzgrwm,0,0.8966658058591584,good
xhztpg,3,0.6358782890345305,good
umyfzk,3,0.7015393026885836,good
tyngru,6,0.053032111851725405,good
wzklfp,10,0.972385934054096,good
owruls,2,0.878160520592716,good
ugnaiy,8,0.04786091549963123,good
vdenqr,5,0.9352419104392881,good
cwhgno,6,0.6770196031231278,good
kgrqli,2,0.43984946861110275,good
keradh,7,0.16524753171795814,good
sxihvc,0,0.24561858527586466,good
tjlknm,5,0.9277852659776853,good
ucwbxn,1,0.7903705940089828,good
aplzsm,3,0.7115941822557377,good
ypsgqu,8,0.40065935728414037,good
akdzic,5,0.42870796580266435,good
ywmhel,7,0.08722060477874216,good
duenyg,8,0.6503374155340272,good
htfkxz,7,0.6745683137493592,good
vysprb,5,0.4531796594544386,good
benisp,7,0.4341531420111133,good
shcuve,1,0.06456224023625279,good
xhukmz,8,0.41192926853887846,good
dpwjbh,3,0.6598008510090191,good
tmyhxf,1,0.7047934858614447,good
hqbvwd,6,0.259013774959179,good
hwuasd,8,0.012606479334926313,good
vxmtgh,2,0.6625331847584829,good
itzlsv,9,0.37968457498500185,good
hiszck,2,0.8000104902397845,good
eaxjgv,6,0.10696989742448881,good
hpxlmj,8,0.9706087847140064,good
tikwne,4,0.7575612279596463,good
vneucs,2,0.689998780843469,good
tmqyve,10,0.8588962426478929,good
mrxuay,9,0.4566206392286615,good
jtmxsr,10,0.6631054794991116,good
fatedv,9,0.21245115617402333,good
sxfkih,1,0.4569061760868002,good
xajpve,6,0.39800619050654573,good
ryeqfw,5,0.7683227106469696,good
ebmjak,8,0.7198745539164143,good
zbqske,4,0.22880804271490585,good
uygdeb,7,0.5938107861683934,good
ankfsr,7,0.14991304132371708,good
jomczp,1,0.4123218151363388,good
gdwovj,0,0.17858838044121284,good
fvnryt,9,0.6338929939269454,good
lvaszy,10,0.3928857273419707,good
agbvfu,5,0.5348600721429635,good
vcdurb,4,0.19912769726878643,good
xpzbdu,8,0.17226670134908917,good
wvdlaj,2,0.898088434270406,good
ljdwzk,4,0.947676380386905,good
posfbm,6,0.3014196883454101,good
ahlrzk,8,0.6755599425183043,good
oljags,4,0.9445446500333848,good
ylnifu,7,0.8892616675361731,good
ifkndr,4,0.9741330131492513,good
vidpes,2,0.5492058883189229,good
bfnwld,3,0.9913147370018599,good
ezxdgm,10,0.8289229797111891,good
szryfn,0,0.34789439481262663,good
pvqhtb,3,0.7147448438008467,good
jnuhil,2,0.07066821722342509,good
vdlgsa,1,0.24287200200770198,good
tzchgd,3,0.4115320838873374,good
qbutph,2,0.5315015167140864,good
frxwso,8,0.0673682028760827,good
dmxvtc,5,0.24289680333879504,good
eidkjl,1,0.02477138776279575,good
dnobwt,9,0.1441275076898022,good
bplsgu,5,0.7576680347386262,good
hztpsn,10,0.681817654911974,good
zojlqu,7,0.47392058190874464,good
jltczd,0,0.47999672798228177,good
zjebgx,6,0.7521378318903081,good
fzqdns,10,0.8108100216192919,good
mirhec,6,0.38064617961421654,good
rgsdbv,4,0.47024149947994176,good
mfvnge,0,0.8713462332235584,good
jamdvn,5,0.6267695336950059,good
jyqdfp,10,0.23904711292336078,good
matqhu,10,0.5077997124912188,good
nfkapb,7,0.7796090657066066,good
xgcekd,10,0.8829516687295207,good
guvefq,4,0.982603913001116,good
ykacit,4,0.19647285929338554,good
qcodti,3,0.4829025796840528,good
hzdotk,2,0.9523174617523794,good
dkwcxz,5,0.15479597605460604,good
fntzqw,6,0.9375322773259954,good
mbfvgw,1,0.8391487128696886,good
lqdwsp,6,0.9869928603658308,good
igudpc,3,0.4215897942992408,good
rapigt,3,0.5694997107377995,good
xgupbt,10,0.11315677826988435,good
tshuqk,3,0.5103761229105069,good
rkmwjn,7,0.7769311236597698,good
fvcxod,8,0.43083467146737464,good
kcnzuy,10,0.7359024146653925,good
ujtpge,2,0.5866944801356115,good
nsgleb,10,0.2775221307017033,good
juwlcg,8,0.7173379961221653,good
xcyjuo,3,0.2180394935821317,good
lfeyrv,7,0.1643095918779509,good
qauosb,0,0.795582918155012,good
lqspic,4,0.9834110098417943,good
gkeynz,0,0.21662003912875716,good
hnaovm,3,0.9850602393159618,good
uyfhzq,1,0.9152665241358773,good
idgzjn,6,0.8592254734214965,good
lydibe,5,0.851356598585815,good
msnygh,3,0.28520143875228476,good
sfjxti,9,0.5544777928065252,good
gtozxe,9,0.4776846582979286,good
wrqhmp,2,0.37161616253137697,good
jrodmp,7,0.3973976171031437,good
yiqudh,8,0.5601493164434654,good
ypjdtf,4,0.8903074902899365,good
xcfkno,7,0.11810486614714732,good
uryzie,8,0.65819800381347,good
iokets,8,0.6644665261241267,good
xvmjea,10,0.175572993014937,good
rfoqdp,4,0.46502446179453827,good
gcqaph,3,0.29457371056481896,good
jyqsec,0,0.25041657076157064,good
xudoaf,7,0.9974817978137764,good
bvsiwn,8,0.6298247586405049,good
vzytkx,4,0.4778383899646791,good
kmqifa,6,0.25752186996997917,good
asfvcx,1,0.2740130597874737,good
hpudyb,2,0.20538158633517023,good
qfcvgi,6,0.34644148366528615,good
kdnzcx,8,0.6028359053594803,good
nrzlps,0,0.30153192229532666,good
yeuzvm,6,0.27373140518187855,good
gzapod,9,0.4995500863661355,good
wjrvls,1,0.14043934998188268,good
xhsimp,2,0.7251274391520477,good
slnqtv,7,0.9446000059272608,good
ofbiwm,6,0.18023487388562576,good
fvwdgl,6,0.874688343207587,good
cliefz,7,0.9658902325316973,good
vqlsfa,10,0.12877990613462098,good
urndfq,2,0.800242863606276,good
fgrsyz,4,0.8639741275127083,good
txclpf,3,0.19701908836457205,good
bgmsit,6,0.4019327316479613,good
unaqzv,0,0.695379421481338,good
awuvpk,0,0.9625147631518329,good
oneapx,4,0.28860439770772117,good
gqlkpb,10,0.013290133216479538,good
mpxjfe,6,0.5690031217498944,good
caofhg,9,0.9129096519398546,good
dwpmrk,2,0.8835149959317168,good
nslfyp,7,0.4611591692117831,good
itkvqu,7,0.33782836999873955,good
fqkvum,8,0.5301024755581878,good
ucxlmh,7,0.28900062728896236,good
unoire,6,0.7265036399978548,good
aomynr,4,0.6980818262069378,good
mybedx,10,0.2221375782140509,good
wkthyv,1,0.8156813658140165,good
mvsghe,0,0.4676965114896118,good
peufqy,3,0.6641376886479878,good
fvgwaj,1,0.9987600684147528,good
igseoa,4,0.14973198956788758,good
uqnejx,7,0.7830714574462996,good
jungpb,9,0.623119446767357,good
rthofq,1,0.4427860712173428,good
lvprdy,6,0.3694541930411709,good
wckonp,7,0.48260462640374624,good
deuamf,4,0.19690595901393437,good
nuewoa,5,0.08333214390769972,good
frhdqg,9,0.0005123047015646032,good
wcgmnd,5,0.3658191588221186,good
injwxy,10,0.36740447813049315,good
yscqnv,4,0.7402101005899426,good
ujybwk,5,0.7706036721730818,good
itzwha,9,0.22893603928340567,good
yhkljf,4,0.009131149236911273,good
ognbkj,1,0.8737854486541684,good
irxezt,2,0.622545291213547,good
gpqwjh,9,0.30643438232092945,good
jfsgkl,4,0.052509864308313725,good
anvqmj,9,0.0960056206712947,good
qbeulx,3,0.7316088030575199,good
sibtmn,4,0.9053541657751141,good
vibmlg,4,0.8760497167653264,good
cdbwpo,6,0.590781660376835,good
lqfywp,2,0.6035820807354468,good
yujzxv,3,0.017389921839227607,good
hbariq,5,0.6274812793860868,good
lhxcuq,3,0.1783521300637686,good
pyeqdx,10,0.5260634615095222,good
qleksx,10,0.49479963797286886,good
atlxeh,7,0.20832631674741664,good
ehdjil,8,0.824381919600232,good
pxfgnm,5,0.17446061773898525,good
kncmhr,2,0.11473189148942697,good
ekjona,0,0.812414858534898,good
jyfunm,5,0.11040907939855715,good
apqkdf,10,0.8827648584198237,good
pbovdt,4,0.6457223660207342,good
pxvasm,6,0.6755053749980602,good
cwrijg,3,0.34811275318105794,good
vtdnur,6,0.37677050570900783,good
xnslyu,9,0.1636582106726041,good
nkofab,0,0.8576734448862019,good
ilmdjn,8,0.9482479564551068,good
qpicej,3,0.809872795635913,good
quyxhd,2,0.5309063874911284,good
mevciq,7,0.6070678839237059,good
lbxodg,7,0.023182785134513217,good
cyahqx,5,0.32587845747715805,good
pviagt,7,0.4134278308120425,good
agvikf,5,0.7046730503027471,good
lamsyp,9,0.6616236411900649,good
retpzg,4,0.9848018235127207,good
ebdtqp,10,0.3090111849783933,good
hwxtfj,2,0.6920995773496477,good
nqphwl,2,0.8088545487029666,good
negdjz,3,0.66977643876137,good
stfdbm,3,0.5376662017157157,good
lhbipy,9,0.10120305316488676,good
ovuwsc,6,0.8569063386519735,good
fadmpx,10,0.6210922856062521,good
rmwfnx,9,0.8363464795747897,good
xfpdru,2,0.1613667817248995,good
wfoyei,3,0.7271645868193191,good
odamgi,4,0.07585822656521368,good
kojqfp,10,0.10798775489983514,good
lgafxz,1,0.4102240300141713,good
gofhnt,1,0.2859829043513856,good
eybtgq,7,0.6445485169529135,good
iuawpo,8,0.3475329197233473,good
vwjdam,4,0.7226251290874345,good
kaewdp,7,0.03326679468222138,good
dqjtus,9,0.3014597269900732,good
sbegxw,2,0.8933847385371713,good
mouvds,7,0.09241181264780463,good
uwyxom,4,0.07416019796659512,good
pshari,7,0.42841450206255016,good
dkeryb,10,0.0559195205313362,good
qhngjx,0,0.8471474840232583,good
fwmzdn,10,0.32255436503435075,good
gftbxi,7,0.24892629044103387,good
afwpyz,8,0.6425056826148693,good
nmzkxq,2,0.8225094828187417,good
ldgyuo,6,0.9656215033818724,good
zmfhbw,0,0.6141612759394711,good
kbedhq,8,0.1451489291853394,good
jdtyfn,9,0.8947920943438998,good
hgfdkr,5,0.7442000077785587,good
nuxogr,8,0.02243214290060025,good
xhqjmp,2,0.925968332611799,good
jazgok,1,0.13416434254807819,good
dtkven,8,0.2429790123600949,good
afygxp,4,0.8575496992490321,good
kvieal,0,0.5039362112004513,good
ndixuk,5,0.19698490522268575,good
ijtrgk,5,0.4662777560387762,good
xhqoiy,3,0.08981361957520462,good
cwinje,6,0.9652709105488959,good
qdgnxy,8,0.9926670044479993,good
dsmazn,8,0.9156711419865654,good
klznxw,1,0.7557909882267444,good
jkyqza,10,0.20986459746731667,good
smqvrk,5,0.5346479641585518,good
zvwxcb,1,0.35931078976729713,good
labdgi,2,0.45567961140640767,good
hwemuj,4,0.44020443747758997,good
vkpnra,5,0.4574082604816183,good
aheovj,2,0.8159451407194139,good
ovcfzh,1,0.25952114718752817,good
lmadrg,0,0.19016927514404725,good
ezgbwa,10,0.3414995845233253,good
oibqxv,0,0.5840544189045396,good
jrlsdc,8,0.9403348790013538,good
nhfrxb,5,0.20989215297063168,good
olhmti,3,0.3149193588750704,good
fjvnge,2,0.6530657013925725,good
ztshof,7,0.20383230818855114,good
nbwtdc,2,0.10819585208514748,good
kwtcvl,0,0.9152021885297186,good
bwcpmk,3,0.7573977018109554,good
fizyjw,2,0.5439205639344622,good
axqirs,6,0.5101048248713499,good
pxuhia,5,0.5730591547438011,good
ehfung,0,0.9139978294151795,good
ctkhlg,2,0.407189632126861,good
vmdkio,9,0.7674708844408443,good
tkuszv,6,0.9878711696631548,good
ackjvo,5,0.9133424313383661,good
cknzgj,3,0.4063062350545026,good
ehjomu,4,0.5584026835147482,good
eacyru,0,0.37258830347962024,good
rmfvdl,3,0.1865384734346648,good
fpdahm,0,0.014809907748934648,good
laqwfs,0,0.7744571245151811,good
kdmuic,4,0.108043773181978,good
udgmxi,2,0.9879198927959779,good
gniwdt,0,0.23604405521513894,good
lbafqo,1,0.3635022748948509,good
nwcmfb,10,0.09675730180261122,good
pydaqg,6,0.8995725509958155,good
xwhzfl,7,0.5689249671482769,good
twjcmk,0,0.8656126420531737,good
nezcxo,7,0.8341579857843526,good
nzhqfc,6,0.14621688498378638,good
uecpqj,10,0.03412072424442114,good
ylxsra,5,0.1783470353060913,good
qulzin,4,0.4207578617813841,good
bdnvsf,5,0.5177311591738569,good
jgmhse,3,0.2521314736632584,good
zkighd,2,0.27273836579808286,good
avqeco,7,0.07301601477531561,good
rcavnf,6,0.36441996281076694,good
bjpvah,0,0.8417748527265481,good
rjqsok,3,0.7639060207065609,good
fkvrmb,8,0.0714182463768559,good
rzusgh,1,0.3904219397646179,good
spvrxa,8,0.7351391520490657,good
lgxjfu,4,0.45588551548946765,good
mrafkj,9,0.47610416822495927,good
qlaoxm,8,0.9508083497524938,good
avwdus,8,0.8911126305298417,good
wxhdvj,6,0.39613936539367156,good
rzshfv,8,0.5036853215797339,good
ulnvqy,1,0.11485203190554161,good
fvsbhq,5,0.2715519543274034,good
pjtkfe,10,0.30477411869079696,good
wehisq,0,0.10032300308910558,good
takudw,3,0.8826994857379619,good
bgvtdo,9,0.8442242747807799,good
ahnmeb,6,0.08202000862702463,good
yhnsib,1,0.1597199937872521,good
edvrzn,0,0.7282149509564243,good
daluew,10,0.6718997164300227,good
brgeqo,3,0.07403184839054133,good
azivwk,0,0.42374111032177497,good
qhnxpj,9,0.3931652640897011,good
lrtxig,6,0.3966754249711859,good
nuplei,1,0.9834960422215183,good
xyewhz,1,0.36997193567678976,good
zfeyma,6,0.45164263570292773,good
jbsqdu,1,0.5820681582110938,good
exgcul,5,0.4907369489064327,good
rcuxky,9,0.09319362576858903,good
dzvgcx,1,0.10427928748950366,good
gckath,8,0.7389715849021814,good
ywahci,1,0.7730907656480894,good
boyfta,10,0.7502479624067837,good
bjwonm,6,0.9223558967968135,good
mbfwqs,4,0.8550061890488626,good
luhwjz,2,0.334351781228618,good
ihkjwx,1,0.4541193762525383,good
mfebyo,9,0.15016203411098394,good
lbnsvx,5,0.8353595276539016,good
sfvydi,0,0.10108679381415542,good
maokxj,2,0.5817443973373891,good
kvcsmi,1,0.09921021299978305,good
sxbtaj,3,0.5445003181874775,good
inhulz,9,0.6419498465701408,good
ehdmpo,8,0.4606728932070667,good
uhwsel,8,0.9697643701820842,good
fxctqv,4,0.9141930465154408,good
trklny,10,0.6953557693648078,good
filmcx,3,0.32426620749913093,good
sbypvi,5,0.3272930618794305,good
vbmklh,10,0.11242410480298648,good
ohyvwp,10,0.8559852991001697,good
ujpihg,10,0.7509457146862509,good
igvbch,10,0.22648662251675533,good
lyujad,4,0.7664251007489814,good
vedkcg,7,0.3682310821329473,good
lofzcw,10,0.6086620784519189,good
xsrelt,7,0.9465509622735989,good
micunz,8,0.9657398086942555,good
oijbvr,3,0.6420042822960189,good
xaezwl,1,0.18821047675993063,good
rcbqoe,10,0.8387083815437417,good
jecaok,8,0.762008685598055,good
kxmocj,3,0.5124172912163486,good
mcnwte,6,0.3165399224364285,good
ekvigh,6,0.35197823206698065,good
wuqxjg,7,0.29333324608188593,good
ixfurb,2,0.7775333846938546,good
jlkzuo,8,0.33271918555262925,good
pfqjlu,8,0.7106325935936849,good
qzucla,6,0.16687999665007058,good
cdbnxq,7,0.2492753489120132,good
ephzvf,6,0.6479143165233726,good
uopfgt,10,0.20947949204894978,good
gxrcav,8,0.6162440597754912,good
fcoajt,10,0.3004468797792146,good
bkupnv,1,0.7224965740137276,good
vwehry,8,0.6068815151680427,good
phikfn,2,0.725523513117571,good
qjfcxe,10,0.7151602305508808,good
sczfie,0,0.1505221521072646,good
tcepiy,10,0.645947515749764,good
smadcp,1,0.4977397683411825,good
dxamws,6,0.3560651299568752,good
qvnbxo,4,0.2809549355619636,good
gtwruf,5,0.6799222787781674,good
yjwiet,6,0.11173972748338212,good
sinjtd,9,0.11994642501733155,good
beuprq,8,0.16534499375126932,good
gpixbt,0,0.7763059330329428,good
djkyng,4,0.6728870704566752,good
wqyioj,10,0.7628026858248139,good
pjbvft,9,0.8141802008537432,good
yvrxak,0,0.794342377112283,good
dgscim,1,0.15765328357769626,good
olkwun,6,0.9606363846153714,good
jirohq,3,0.5966903368536055,good
wdykpf,6,0.18865669701418653,good
xlrhpv,3,0.31594806358347427,good
hkwbgt,3,0.9994768717731338,good
jdletb,4,0.6589221631276153,good
spfwcv,1,0.5587356878074126,good
jvwfrm,4,0.26798381625072953,good
hfwgbn,102,1.4281826393293107,bad
qainoy,102,2.5079855616898095,bad
bvhwok,100,1.0488726853775743,bad
qwgpbv,100,7.442298515735018,bad
dkcauv,98,0.7555356289580717,bad
omhbsi,101,3.0523026560756152,bad
uefspo,105,1.4983215092386448,bad
vwaihy,103,6.904123020566347,bad
smwokj,95,5.996097869141507,bad
sxkgql,98,0.37157595758248174,bad
rgeqmu,102,5.349670312323608,bad
bzkvse,95,3.13348171280327,bad
bmkvhi,97,8.604910226745574,bad
utwfay,101,7.726134278878912,bad
gldpxz,99,3.7718585768037984,bad
wtqhav,95,5.947376263393746,bad
htazfx,99,2.8620454647085203,bad
jqlaov,100,6.541276188042044,bad
zjpahl,101,0.7761956334394637,bad
huzmcw,99,2.859056472904631,bad
puoqvm,101,2.153242792673736,bad
jazwel,104,2.2942001633529774,bad
xaymkw,103,6.182568787383316,bad
fowpnq,103,1.1838065230157735,bad
gmqwpo,98,0.2382478294454271,bad
jmioxu,100,4.177418038491432,bad
zyvdnw,96,9.484484406657462,bad
mturqo,98,3.723179126516716,bad
uvmeyd,103,8.02868165956373,bad
exfbda,97,0.6195131765004958,bad
tlmioz,105,8.555334144016388,bad
rvbysq,103,3.5563030365373294,bad
cgolrs,99,2.545736660038288,bad
fgvayp,96,9.721286591995833,bad
cjopla,102,4.83845350002813,bad
lcowhy,105,4.292795057310245,bad
zdpqfg,98,7.783710635339462,bad
dypmrb,95,8.971734617367082,bad
xedmht,98,8.810596740332999,bad
mghtaz,96,0.0709767737263245,bad
byuqoz,105,2.9572662289700635,bad
jpvcxg,102,6.046686709539122,bad
xrjuqv,101,7.851534212305418,bad
hjnmwe,104,0.492691374243176,bad
ltshcf,95,6.045588896801707,bad
jaofbq,99,3.06964972273305,bad
uqxlsg,100,8.592800590212503,bad
fpiwmv,104,0.29461177945223294,bad
ytqmev,96,6.711144128180621,bad
ayzwqn,98,3.993763157500979,bad
dfwasc,100,0.06319052577784756,bad
zfvjei,99,2.133253299250545,bad
tzfchb,101,1.7993514285144996,bad
srcuid,96,8.409865789530027,bad
earbxm,98,3.581795538007153,bad
ctdpsq,100,9.472000616862434,bad
ubydis,99,3.72764311334842,bad
jqxgrb,98,7.109948845754127,bad
xizvcu,105,6.880294964247944,bad
ikyuhb,97,9.297081563568891,bad
ldxian,95,7.863020663999102,bad
gkychm,100,2.4841168596709027,bad
jliqou,98,2.7372347494013516,bad
jusmti,98,6.189683313281018,bad
zdxtjn,97,7.987353774816296,bad
aucgdw,95,0.9083962403699086,bad
xaiqdm,101,8.975895965941543,bad
yqegzm,95,3.7852867347496155,bad
qgonky,101,3.185190321142027,bad
zvhuke,101,8.141760030487099,bad
paxnmd,105,2.217128675348551,bad
kvoizf,98,7.713625760390221,bad
joqbnp,98,4.108261868971762,bad
qcdolj,104,4.081580737045973,bad
suamdc,95,5.205643350922637,bad
kslhvq,98,0.017457826937220533,bad
hlfzds,101,3.696373606265123,bad
gyomhp,98,0.9397418265814284,bad
ordvxk,103,2.273714839286951,bad
zgodlf,102,6.078789436537764,bad
utalme,96,2.528190555101264,bad
mxwjyi,96,9.413516505426283,bad
mrklps,95,7.610103013511647,bad
iunljg,97,7.661067602594025,bad
iqjmvn,98,5.530861585765115,bad
qswaxg,97,0.8263255471266906,bad
zavgxq,96,3.5044019109513935,bad
lbcuxv,100,3.440752483938855,bad
tsxvbd,95,2.640929181311277,bad
wpyqmb,102,5.04430671120231,bad
dynupz,97,7.446490369574093,bad
zwfblc,105,4.870910822003203,bad
vfzrqm,95,2.6055326047998486,bad
mhzofe,102,3.9903016823446658,bad
qxvupw,102,9.791602835607929,bad
zqgywb,95,2.8086107960765796,bad
tpeqmn,95,3.5411244182824864,bad
jkvyuw,104,3.3874207311413507,bad
saftvb,100,1.9594819548724351,bad
milrhk,102,9.959564836726592,bad
vongic,104,1.3139238939023345,bad
vpbysu,103,9.28831798756525,bad
mzkwux,97,3.4857957024578337,bad
esgovp,98,6.295243434506354,bad
igfkhr,99,9.295772966740417,bad
qhprcz,97,6.31312079003942,bad
rsvhkw,96,2.0327888755858603,bad
yzmhei,95,5.331392434456638,bad
kqbvmz,97,1.6389083226183676,bad
gazynf,103,2.6700392498202508,bad
emguis,99,4.7193924421690125,bad
wxurfj,103,3.5106891890840086,bad
hpcyws,102,3.2570667347721924,bad
ojprwb,98,1.5733747166720047,bad
jofdlg,104,0.08047891536649865,bad
jsnrde,95,2.3190996408186804,bad
dijlwx,105,0.688489677338926,bad
yrmfeb,95,8.444117030734896,bad
ndoigm,100,3.4284315724021344,bad
ohjlxr,95,7.9416269880134625,bad
clyikn,104,5.896409279651186,bad
wnqyxe,95,7.4646787581229015,bad
eushti,105,7.143503832321848,bad
jhqbfn,96,4.452115015019572,bad
argjps,96,6.6811708555848,bad
irxupw,105,7.624548050741762,bad
rmzhlk,97,0.6322123609960673,bad
reocxh,95,7.877072446775814,bad
aflcpd,102,4.057676217899168,bad
rdviyw,95,6.3827970322194325,bad
ufypoh,97,3.587370860898871,bad
qeaijl,100,5.5848943636307915,bad
jfsqen,95,1.620943571841822,bad
rfzbad,105,3.4307419125947467,bad
fslabn,95,5.776641347783062,bad
yrliae,102,9.480266912687362,bad
brienk,99,3.0185125343471384,bad
imfhsy,102,8.379701841718305,bad
lqtphz,105,6.248038262352339,bad
worhbs,103,6.878115183385935,bad
aitfwx,100,8.10174731706727,bad
eqgndo,95,0.1509911160571431,bad
ojntwp,96,8.98509849119431,bad
sgilro,95,1.5864177848182393,bad
swndye,101,2.067710497860382,bad
tqhbzu,100,7.80082068211007,bad
vgqtmx,100,8.15591288132708,bad
irwbgu,96,5.9771378313732395,bad
gdqerp,96,7.664339168735438,bad
kwprvc,95,3.407779952676271,bad
anpcou,97,3.025403393763769,bad
yfujnk,104,4.9143387158949565,bad
canouf,100,2.9055758079524474,bad
hswypj,105,0.31731481088699276,bad
olegxy,97,2.699240799065655,bad
mlzbao,98,4.576998248962942,bad
zmpyjg,102,6.140757024230956,bad
vkclpw,97,3.1922388127345447,bad
vxhuio,99,0.4551765327025603,bad
gohjvr,95,4.237340004514633,bad
vrxakn,103,2.0212180369189325,bad
cdefal,96,5.7789126078075705,bad
zalwhp,97,8.81731988919734,bad
cfxyiz,103,7.885222397884731,bad
ubidfs,102,3.9356560044386812,bad
fxkvri,99,0.3560940170241711,bad
jdxhnq,95,9.095625249238747,bad
eanwbk,95,8.924312430709676,bad
jlouan,99,0.36287904818928185,bad
etkbyh,104,6.821350134938516,bad
djxefr,98,5.599526213792413,bad
fsmapn,102,4.678766086052105,bad
vgahlj,104,6.059695500809118,bad
ipomyw,102,7.538633056507933,bad
wmybsr,100,2.9036249569310457,bad
oglihr,99,6.767298563551549,bad
vcgblp,102,4.864269514702321,bad
pwmfrg,103,6.961873112924457,bad
kptbzi,100,6.188748839408188,bad
rvahip,97,3.5032719234937626,bad
fnhqil,101,6.358328727011251,bad
gpofkn,104,3.7228540785595543,bad
fxpubq,98,8.91080240816127,bad
atdskq,95,3.6702902147484693,bad
xsbrlc,97,2.6573415146825505,bad
welmif,105,1.1085300220239391,bad
kwfnsy,103,8.467815946238632,bad
jqxmtr,101,2.300517782997422,bad
biadhs,95,5.6926695345523735,bad
zvyhsd,99,7.535526222623687,bad
redobc,95,2.689109365344268,bad
dqskwy,102,0.7942132858516127,bad
pncwzb,104,3.492895764384433,bad
wpqtjy,102,4.251403903284933,bad
knmfic,100,9.93996078518972,bad
uxyjlq,103,6.118917086326249,bad
iqmncx,98,6.636431585437931,bad
pfkenm,95,6.464910969864668,bad
ocwtln,104,1.9951723298339008,bad
rpzwlm,101,2.6195142254563164,bad
gniodm,105,8.79332110423799,bad
ltoypj,103,4.6618710665934024,bad
scaxbr,97,8.266344281332632,bad
krwbns,103,9.30685835302566,bad
xuryid,101,9.29090983869547,bad
pfvwmn,97,9.669910923637662,bad
lrwkvb,104,3.593719040041047,bad
yuzspx,103,3.3573677034979044,bad
cieshf,102,0.48985733735198655,bad
ylhfgp,102,5.807223361727738,bad
xkqdzh,97,5.4725232333905325,bad
xjpvcn,97,0.27589158049685425,bad
nwsrag,101,2.478936580457706,bad
pqcjgs,98,1.6828177640948838,bad
aoebrt,97,4.836235323436063,bad
wugidx,105,4.051041079757583,bad
qknpfs,95,7.173111316265208,bad
hksvtc,104,0.6647039260889576,bad
lerkad,97,2.3652199984598052,bad
wrpltc,103,9.214697067079959,bad
bfszke,105,4.636336536245319,bad
wbidqa,97,5.4714356727319915,bad
gzvqel,104,6.29412555612436,bad
jcwrku,97,5.002117104300108,bad
gbauhq,104,4.222485940785125,bad
mlztfe,101,9.161843955994506,bad
qavfej,99,3.3955180855122147,bad
orqdie,104,5.158549113086739,bad
znirbg,103,1.197336517780443,bad
yjhimz,104,3.0918893367623355,bad
bleufv,105,3.605414124954355,bad
qcdewj,101,5.440186929018534,bad
avojkf,101,0.43887855646444374,bad
zqjcaw,96,7.2723777746925204,bad
fgrniw,103,3.3427169553958946,bad
gvnihy,105,8.493052166316522,bad
nguxwl,98,4.486663096036714,bad
nhedaz,99,7.679482652223456,bad
cufota,98,3.1668788525182636,bad
zqcxjh,105,2.864841595583841,bad
bygudz,97,4.623845936974174,bad
ohdzbp,101,2.348209633696868,bad
ytgcqp,99,2.7249662626768845,bad
trsjna,101,7.229416082427537,bad
ulwefz,104,8.76459796036009,bad
uwzgxc,104,5.691889855716483,bad
axvoym,99,4.527967045830621,bad
jxheqk,104,6.176574340672175,bad
ybofhx,100,9.844016277214369,bad
cduvgt,105,0.7914651018356811,bad
dgxzom,102,0.10182031787300372,bad
ileogn,105,2.3871240599539476,bad
fwdomv,97,6.801675545353481,bad
dgltqb,101,3.964592157974296,bad
sxbgvu,98,9.338763723047279,bad
hobdug,100,6.217275873097725,bad
ifabyq,98,9.236931172385678,bad
lhbevw,103,5.794867133411795,bad
oqfvyg,104,0.45804341798186154,bad
oembqi,99,2.894088716501816,bad
bpcvkh,101,7.7765062205089635,bad
zgihls,96,7.602921222481394,bad
mpkotw,104,4.438999189901647,bad
gebtzq,102,1.3174799573975682,bad
beurhw,105,6.572756648293324,bad
ovwhjm,101,8.297764686572558,bad
duobki,97,7.10224805806019,bad
npwyov,100,2.707882888000378,bad
mgfnsz,102,2.783355670545143,bad
wigoqt,95,7.412602773320688,bad
gaupxo,98,2.2478440830291344,bad
pceirt,100,8.77015882286866,bad
ithqpv,105,1.3934927695545307,bad
snfloh,99,3.5934246408874393,bad
gzaqvs,97,5.828699976613528,bad
bmukes,95,1.3548376251519734,bad
sehbxo,100,9.016045009949293,bad
odmkby,98,3.4199615686357965,bad
bmcfie,97,9.222952388498232,bad
fyusbg,105,1.534064753121196,bad
oenqsm,95,3.5358524057417675,bad
zlupjy,99,7.949953750649278,bad
sieaul,102,6.283507429051898,bad
xfkaov,98,7.787530758257633,bad
jkgnmy,100,8.287994757840181,bad
wfaplv,98,3.290115912596152,bad
ktewdg,96,0.772524144346306,bad
mrtnpw,104,7.50536637418442,bad
rojqyw,100,6.775623730698123,bad
bsnakw,100,4.7816831741424455,bad
bydctq,100,4.461960071806313,bad
qfkgme,105,8.312399856752613,bad
dzfbxg,104,9.280234431557803,bad
utalof,95,0.3019403023575862,bad
edoctv,97,3.4961469924454445,bad
vwhuax,105,7.638859451053483,bad
yhtfcw,101,9.192180308897495,bad
sytvlm,104,1.1080259237190604,bad
xplfbd,100,3.2432571684225486,bad
zrelyo,97,2.563350594169976,bad
xrwlge,97,9.690433702576835,bad
nbgspl,97,3.7416561140205506,bad
cstuiy,99,8.974364634931188,bad
tzwijd,100,9.033020331946458,bad
xscnvp,95,8.05867216859723,bad
jgltid,99,4.242501960777517,bad
hkrvcz,104,4.461586703305446,bad
gpieky,97,8.179131297071793,bad
jmgswz,101,8.216668916586297,bad
mqgvbn,102,4.180831936711133,bad
zbwahp,105,3.482763161312812,bad
jwkbgt,97,6.822552854156159,bad
mixgkp,103,7.1698592055494,bad
lafuto,96,3.760019353314099,bad
ryikdq,101,3.1100720548363316,bad
dszlqa,96,9.432656021299557,bad
mkxnfg,105,3.7550016156318975,bad
cvnyqh,101,2.6361809702687,bad
hfvlqb,100,9.053682053809581,bad
kbzdpc,101,8.857212093407687,bad
qvlkws,103,4.025339862808144,bad
ckflvx,97,1.4835393876992542,bad
cxbhyf,97,7.311930690388394,bad
alsctz,102,9.52047365451711,bad
zefbqi,100,4.496444867006457,bad
oafdgq,101,5.360101548766046,bad
mgkwun,102,4.480263978810753,bad
xrhkvl,100,5.290783424903789,bad
srweul,99,7.25661074993895,bad
xbgtvc,97,4.6630846513257405,bad
wtugir,105,5.215464695631919,bad
iudywx,105,8.539079312460805,bad
yacktp,102,6.46672319416131,bad
bdgwcq,102,1.131752747199083,bad
uicgpq,101,3.2173102920392473,bad
dmknyt,97,7.3818033614148515,bad
gkihbf,98,2.2865457883443785,bad
orvwsl,105,7.752153307389264,bad
kjwybl,104,2.349779355123085,bad
ibuagw,96,4.457422457790803,bad
nisrzf,98,9.551645961946642,bad
qhfpdl,101,5.630334589297198,bad
sidely,105,7.9409294858971595,bad
anlwpy,98,7.79340642951164,bad
huecat,102,2.5868227861695203,bad
vilurm,96,6.070461365350372,bad
zhwtey,101,4.842814001775787,bad
drnvqp,102,6.01004731935622,bad
xjbwmr,100,0.8209099842611312,bad
drihvc,104,5.624522510034026,bad
lzywkm,98,6.4864394531906635,bad
tupwgm,95,5.794038454650644,bad
pnvack,95,8.531394909393432,bad
tfvzcm,105,6.155817671556635,bad
rcotfg,100,5.223510842105293,bad
mazlyj,96,7.514965729852882,bad
tchgzl,102,4.386585168458267,bad
mswqxp,102,5.815934727580245,bad
ndvszb,96,0.63079975992123,bad
byifno,96,3.331861846756624,bad
dmyjle,99,1.7550605202734126,bad
vjchfe,100,4.446965785207201,bad
cwhmve,104,8.35850141223182,bad
sprftv,104,3.796356326138505,bad
tblekh,103,2.151262270998747,bad
mqacyd,102,7.1786669981132265,bad
kbeolw,96,2.2794467907006313,bad
snoaul,104,8.970343744203506,bad
sdczvn,105,4.719601908379001,bad
jlzkqp,103,1.6756829442086985,bad
nzfqug,96,2.4624296250419397,bad
svfnwy,101,8.815080776194504,bad
eiypsj,99,4.608507810932002,bad
bynsuz,99,1.971700975971824,bad
vsxwpz,98,5.141976585564445,bad
fdpxab,102,7.40168990876721,bad
dvctjn,96,3.5857566188097256,bad
ekicld,105,8.3631454760413,bad
zghwda,99,5.64912652025779,bad
ybtamd,104,5.123046902230888,bad
eivpcm,96,2.86362861929081,bad
efiqao,96,9.653822602827267,bad
vwgukd,102,5.13977444814029,bad
umnbye,101,9.21214319081502,bad
traebq,105,9.500588316364698,bad
ifwjkh,95,6.99898522861118,bad
ajdfqx,101,1.4999271993227592,bad
nalijg,95,4.058014644301528,bad
mrnbqo,104,2.5418361662407696,bad
lcodqa,102,7.389757226603209,bad
iblrcw,100,8.672861715848917,bad
edfnky,101,6.188617697445916,bad
iblump,105,4.33827836496283,bad
wgsueb,105,3.4629963037549025,bad
jtfxip,102,8.256883139749801,bad
ctsonq,99,3.3306292560967043,bad
hglaje,101,9.646206333665274,bad
cuxmtq,95,2.226526150997601,bad
tuiqpy,102,6.93314610097727,bad
uglvew,100,0.03998301339696031,bad
dcvqeo,98,2.2080891010525896,bad
qgdwok,96,6.244072705817624,bad
bxkquw,104,4.2381602022918266,bad
peogwu,100,6.639270656012954,bad
ofuvey,101,8.318076264024585,bad
bqutpy,104,2.3221923647297507,bad
vgwprc,100,6.238002185468341,bad
stwrqb,95,0.5242417015484291,bad
tmlgvc,96,1.0365352698705022,bad
ktblcw,100,9.400693922349909,bad
vqoekz,103,9.641763593697595,bad
qisgoh,101,1.0717533848208693,bad
rgdukz,104,1.2412187013249776,bad
irdkyw,102,8.704237991104545,bad
cmkgei,97,5.437928402383373,bad
gnuybj,100,4.352574440646353,bad
yresul,101,5.994215368801394,bad
dvgxnp,96,8.017679378180397,bad
qbuhzf,99,1.8011653151019924,bad
wztpmh,97,3.056901474244879,bad
xezimq,100,9.50928032074855,bad
chogmp,96,9.75050842538779,bad
fioxrd,100,8.248826285565684,bad
umltzw,102,7.711977757783499,bad
mlkton,98,3.4907311840395403,bad
phuqgy,95,6.88452472817758,bad
sorbxz,99,2.931084759564506,bad
bgxcvt,102,8.867688739076824,bad
loymid,103,5.533624840546413,bad
tqnzvm,96,4.070280848361495,bad
ocvybu,101,1.5285014746533276,bad
xsodce,104,7.573937664283505,bad
xslohm,100,8.945136275112183,bad
hjicox,101,9.759465070685309,bad
xlhipu,104,4.250685312410486,bad
snvcwe,104,3.0352059485095895,bad
aoyvkz,99,5.262738816399892,bad
zyvqcm,103,8.08458096457905,bad
fabndp,103,4.304368579156619,bad
yknosd,102,1.9031669462195688,bad
yhptsq,97,3.775345039236897,bad
ragxsz,98,6.644511694348729,bad
htcgbf,95,0.8119009201599436,bad
zgpyih,103,8.846353463093827,bad
epybuo,100,4.88825885121666,bad
jmoqpa,98,8.4755272467358,bad
wbhdaq,99,2.4983282448688913,bad
hksfmv,100,7.7317252033183825,bad
dxgriy,102,2.1038502607065035,bad
wcfodz,99,0.4378806238604316,bad
hsovmp,99,0.5663234865124023,bad
cmfain,99,2.949413578418505,bad
sxlbch,103,2.9966832542299904,bad
jxvcgq,105,5.322501202389866,bad
nxztah,101,3.2200609719449624,bad
wirnmt,103,7.006223642812989,bad
mbzqcu,102,9.700198625356238,bad
zrhxuq,103,8.386130584080487,bad
arkycq,104,5.920057200480374,bad
tqgmuo,101,2.1643443302723044,bad
jbgrkh,95,0.5905799008410517,bad
wzmprd,104,9.047225207823464,bad
dxhpiu,98,8.304644088467143,bad
csyhef,105,1.8775954937804895,bad
ekntmg,102,0.9725749342090506,bad
ukylwq,105,1.1655270891148517,bad
oilqdy,96,3.4260224341704926,bad
ntzjlf,95,6.529787163484806,bad
fdnmwt,103,4.759271839757212,bad
bsfhtv,101,9.249987050807341,bad
fepwko,95,8.457269588604087,bad
dhbvty,105,1.6023658365130977,bad
wulrgb,101,9.175825120872673,bad
ihqdfr,97,5.020906690881137,bad
eizaoq,100,7.782442855096948,bad
koewzg,97,9.850538073146119,bad
srqzdo,95,2.9133919850784764,bad
ewktaz,103,2.316643334524514,bad
dabeyf,99,0.40707839673063684,bad
rwzifs,96,8.123325472523813,bad
pycwmo,97,8.616929619093565,bad
ldeyoz,95,7.701039630127294,bad
egjhsk,105,1.6578923764296027,bad
xtimgs,104,8.100297038157521,bad
lioxjt,101,9.642156168176948,bad
tdilmn,96,9.519958473648005,bad
usyxct,98,2.2210540682263904,bad
ajrypb,98,2.4721216377697166,bad
nhlekx,105,0.8814724077228908,bad
nrvclu,98,7.6506596644355795,bad
ohcpqm,104,1.692799098121669,bad
oxecsy,103,6.9713300244070435,bad
poduzq,99,5.944706857811615,bad
azpowm,97,1.147448338381255,bad
mspcub,104,5.741562908364156,bad
kbfvmo,105,9.727635116182984,bad
tqbuwn,102,2.737276104993105,bad
emxzpc,104,8.401831383182856,bad
nvqtkx,97,8.429333956163262,bad
kljvtg,102,6.544882031881696,bad
